GeoServer,ID GeoServer,GeoServer,ID GeoServer
PIGMA - Part des actifs occupés 15 ans et plus travaillant hors de leurs communes de résidence en 2009,FeatureTypeInfoImpl-2af25b80:13ab1de8d76:-6cf0,PIGMA - Part des actifs occupés 15 ans et plus travaillant hors de leurs communes de résidence en 2009,FeatureTypeInfoImpl-2af25b80:13ab1de8d76:-6cf0
SMEAP - Préinventaire des espaces naturels humides dans les vallées des principaux affluents de la Dronne moyenne,FeatureTypeInfoImpl--3d639cb2:13285edbc12:-7db4,SMEAP - Préinventaire des espaces naturels humides dans les vallées des principaux affluents de la Dronne moyenne,FeatureTypeInfoImpl--3d639cb2:13285edbc12:-7db4
Infrastructures Cyclables Existantes - Référentiel Unique département de la Gironde 33 - Atelier pistes cyclables,FeatureTypeInfoImpl-3215f0b9:1501e697e6c:-5c68,Infrastructures Cyclables Existantes - Référentiel Unique département de la Gironde 33 - Atelier pistes cyclables,FeatureTypeInfoImpl-3215f0b9:1501e697e6c:-5c68
Itinéraires Cyclables en Projet - Référentiel Unique département de la Gironde 33 - Atelier pistes cyclables,FeatureTypeInfoImpl-3215f0b9:1501e8b90c1:-5d25,Itinéraires Cyclables en Projet - Référentiel Unique département de la Gironde 33 - Atelier pistes cyclables,FeatureTypeInfoImpl-3215f0b9:1501e8b90c1:-5d25
SMBV des Lacs du Born - Zones humides de l'arrière dune des pays de Born et de Buch,FeatureTypeInfoImpl--ed32812:14bfe3331b7:-5ec3,SMBV des Lacs du Born - Zones humides de l'arrière dune des pays de Born et de Buch,FeatureTypeInfoImpl--ed32812:14bfe3331b7:-5ec3
CR Aqutaine - Points pose Estuaire Adour - Calcul des potentiels technico-économiques hydrolien,FeatureTypeInfoImpl-2913d3a8:14ae788d65c:71c,CR Aqutaine - Points pose Estuaire Adour - Calcul des potentiels technico-économiques hydrolien,FeatureTypeInfoImpl-2913d3a8:14ae788d65c:71c
CR Aqutaine - Points pose Estuaire Gironde - Calcul des potentiels technico-économiques hydrolien,FeatureTypeInfoImpl-2913d3a8:14ae7bfd241:-52c4,CR Aqutaine - Points pose Estuaire Gironde - Calcul des potentiels technico-économiques hydrolien,FeatureTypeInfoImpl-2913d3a8:14ae7bfd241:-52c4
CR Aqutaine - Zones pose Estuaire Adour - Calcul des potentiels technico-économiques hydrolien,FeatureTypeInfoImpl-40b93b40:14ae3a76112:-4b10,CR Aqutaine - Zones pose Estuaire Adour - Calcul des potentiels technico-économiques hydrolien,FeatureTypeInfoImpl-40b93b40:14ae3a76112:-4b10
CR Aqutaine - Zones pose Bassin Arcachon - Calcul des potentiels technico-économiques hydrolien,FeatureTypeInfoImpl-40b93b40:14ae42b46ba:6577,CR Aqutaine - Zones pose Bassin Arcachon - Calcul des potentiels technico-économiques hydrolien,FeatureTypeInfoImpl-40b93b40:14ae42b46ba:6577
CR Aqutaine - Zones pose Estuaire Gironde - Calcul des potentiels technico-économiques hydrolien,FeatureTypeInfoImpl-40b93b40:14ae38bb7c3:62de,CR Aqutaine - Zones pose Estuaire Gironde - Calcul des potentiels technico-économiques hydrolien,FeatureTypeInfoImpl-40b93b40:14ae38bb7c3:62de
SRCE - OA Réservoirs de Biodiversité à préserver sous réserve de confirmation de leur intérêt,FeatureTypeInfoImpl-4d80d622:153a8be2757:-5265,SRCE - OA Réservoirs de Biodiversité à préserver sous réserve de confirmation de leur intérêt,FeatureTypeInfoImpl-4d80d622:153a8be2757:-5265
CR Aqutaine - Estuaire Gironde avec contraintes 1ms Gisement hydrolien brut,FeatureTypeInfoImpl-2913d3a8:14ae80226db:f14,CR Aqutaine - Estuaire Gironde avec contraintes 1ms Gisement hydrolien brut,FeatureTypeInfoImpl-2913d3a8:14ae80226db:f14
Cadaujac - Niveau acoustique d’évaluation des routes jour-soirée-nuit > 68 DB,FeatureTypeInfoImpl--3d639cb2:13285edbc12:-7f7a,Cadaujac - Niveau acoustique d’évaluation des routes jour-soirée-nuit > 68 DB,FeatureTypeInfoImpl--3d639cb2:13285edbc12:-7f7a
CR Aqutaine - Zones pose Dordogne - Calcul des potentiels technico-économiques hydrolien,FeatureTypeInfoImpl-2913d3a8:14ae79fbdaa:2531,CR Aqutaine - Zones pose Dordogne - Calcul des potentiels technico-économiques hydrolien,FeatureTypeInfoImpl-2913d3a8:14ae79fbdaa:2531
CR Aqutaine - Zones pose Garonne - Calcul des potentiels technico-économiques hydrolien,FeatureTypeInfoImpl-2913d3a8:14ae7b6672d:32c7,CR Aqutaine - Zones pose Garonne - Calcul des potentiels technico-économiques hydrolien,FeatureTypeInfoImpl-2913d3a8:14ae7b6672d:32c7
SMEAP - Préinventaire des espaces naturels humides dans la vallée moyenne de la Dronne,FeatureTypeInfoImpl--3d639cb2:13285edbc12:-7db0,SMEAP - Préinventaire des espaces naturels humides dans la vallée moyenne de la Dronne,FeatureTypeInfoImpl--3d639cb2:13285edbc12:-7db0
CR Aqutaine - Bassin Arcachon 1.5ms Gisement hydrolien brut,FeatureTypeInfoImpl-40b93b40:14ae2fc9792:14ca,CR Aqutaine - Bassin Arcachon 1.5ms Gisement hydrolien brut,FeatureTypeInfoImpl-40b93b40:14ae2fc9792:14ca
CR Aqutaine - Estuaire Gironde 1.5ms Gisement hydrolien brut,FeatureTypeInfoImpl-40b93b40:14ae30c2fb5:5f6c,CR Aqutaine - Estuaire Gironde 1.5ms Gisement hydrolien brut,FeatureTypeInfoImpl-40b93b40:14ae30c2fb5:5f6c
BD Parcellaire Gironde : localisants avec fichiers majic 2012,FeatureTypeInfoImpl-4d4cdcbb:1391db5d845:-7659,BD Parcellaire Gironde : localisants avec fichiers majic 2012,FeatureTypeInfoImpl-4d4cdcbb:1391db5d845:-7659
BD Parcellaire Gironde avec fichiers majic 2011 et 2012,FeatureTypeInfoImpl-722cc45b:138dac32c62:-3fde,BD Parcellaire Gironde avec fichiers majic 2011 et 2012,FeatureTypeInfoImpl-722cc45b:138dac32c62:-3fde
BD Parcellaire Landes avec fichiers majic 2011 et 2012,FeatureTypeInfoImpl-722cc45b:138dd70a3c1:3949,BD Parcellaire Landes avec fichiers majic 2011 et 2012,FeatureTypeInfoImpl-722cc45b:138dd70a3c1:3949
Cadaujac - Niveau acoustique d’évaluation nocturne des routes > 62 dB,FeatureTypeInfoImpl--3d639cb2:13285edbc12:-7f22,Cadaujac - Niveau acoustique d’évaluation nocturne des routes > 62 dB,FeatureTypeInfoImpl--3d639cb2:13285edbc12:-7f22
CR Aqutaine - Eolien posé - Calcul des potentiels technico-économiques - Polygone,FeatureTypeInfoImpl-40b93b40:14ae40cab4d:-3442,CR Aqutaine - Eolien posé - Calcul des potentiels technico-économiques - Polygone,FeatureTypeInfoImpl-40b93b40:14ae40cab4d:-3442
CR Aqutaine - Eolien posé - Calcul des potentiels technico-économiques - Point,FeatureTypeInfoImpl-40b93b40:14ae3fb4fdb:-4961,CR Aqutaine - Eolien posé - Calcul des potentiels technico-économiques - Point,FeatureTypeInfoImpl-40b93b40:14ae3fb4fdb:-4961
SAGE - Dunes modernes du littoral landais d'Arcachon à Mimizan Plage,FeatureTypeInfoImpl--524a0744:1527958b054:214e,SAGE - Dunes modernes du littoral landais d'Arcachon à Mimizan Plage,FeatureTypeInfoImpl--524a0744:1527958b054:214e
CR Aqutaine - Houle nearshore - Calcul des potentiels technico-économiques hydrolien,FeatureTypeInfoImpl-40b93b40:14ae3e03095:2e67,CR Aqutaine - Houle nearshore - Calcul des potentiels technico-économiques hydrolien,FeatureTypeInfoImpl-40b93b40:14ae3e03095:2e67
CR Aqutaine - Houle offshore - Calcul des potentiels technico-économiques hydrolien,FeatureTypeInfoImpl-40b93b40:14ae3f8038a:5c93,CR Aqutaine - Houle offshore - Calcul des potentiels technico-économiques hydrolien,FeatureTypeInfoImpl-40b93b40:14ae3f8038a:5c93
CR Aqutaine - Gisement éolien posé Profondeur < 30 m,FeatureTypeInfoImpl-40b93b40:14ae2b85c52:-1a39,CR Aqutaine - Gisement éolien posé Profondeur < 30 m,FeatureTypeInfoImpl-40b93b40:14ae2b85c52:-1a39
CR Aqutaine - Gisement éolien posé Profondeur 30 à 45 m,FeatureTypeInfoImpl-40b93b40:14ae2db757c:372c,CR Aqutaine - Gisement éolien posé Profondeur 30 à 45 m,FeatureTypeInfoImpl-40b93b40:14ae2db757c:372c
GIP ATGeRi - OCS évolution entre 2000 et 2009 Extension 24 - Bêta,FeatureTypeInfoImpl--5f51174f:1530ef1e470:75a5,GIP ATGeRi - OCS évolution entre 2000 et 2009 Extension 24 - Bêta,FeatureTypeInfoImpl--5f51174f:1530ef1e470:75a5
GIP ATGeRi - OCS évolution entre 2000 et 2009 Extension 33 - Bêta,FeatureTypeInfoImpl--5f51174f:1530ef53444:-4545,GIP ATGeRi - OCS évolution entre 2000 et 2009 Extension 33 - Bêta,FeatureTypeInfoImpl--5f51174f:1530ef53444:-4545
GIP ATGeRi - OCS évolution entre 2000 et 2009 Extension 40 - Bêta,FeatureTypeInfoImpl-375d97f6:1500390e6c2:-3588,GIP ATGeRi - OCS évolution entre 2000 et 2009 Extension 40 - Bêta,FeatureTypeInfoImpl-375d97f6:1500390e6c2:-3588
GIP ATGeRi - OCS évolution entre 2000 et 2009 Extension 47 - Bêta,FeatureTypeInfoImpl--22d246a4:1523138923a:-6bd9,GIP ATGeRi - OCS évolution entre 2000 et 2009 Extension 47 - Bêta,FeatureTypeInfoImpl--22d246a4:1523138923a:-6bd9
GIP ATGeRi - OCS évolution entre 2000 et 2009 Extension 64 - Bêta,FeatureTypeInfoImpl-375d97f6:1500390e6c2:-348f,GIP ATGeRi - OCS évolution entre 2000 et 2009 Extension 64 - Bêta,FeatureTypeInfoImpl-375d97f6:1500390e6c2:-348f
IGN BD TOPO - Troncons cours d'eau - Région étendue,FeatureTypeInfoImpl--2c77ddf1:14bdb2da1a3:5823,IGN BD TOPO - Troncons cours d'eau - Région étendue,FeatureTypeInfoImpl--2c77ddf1:14bdb2da1a3:5823
SMEAG -  Station de suivi du bouchon vaseux à Portets (33),FeatureTypeInfoImpl--3d639cb2:13285edbc12:-7fb2,SMEAG -  Station de suivi du bouchon vaseux à Portets (33),FeatureTypeInfoImpl--3d639cb2:13285edbc12:-7fb2
SRCE - EF Liaisons principales et Liaisons régionales > 5000 v/j,FeatureTypeInfoImpl--57865d2e:1436bb867e2:33f3,SRCE - EF Liaisons principales et Liaisons régionales > 5000 v/j,FeatureTypeInfoImpl--57865d2e:1436bb867e2:33f3
SRCE_2014_AE  - Autres cours d'eau hors trame bleue,FeatureTypeInfoImpl--1349261:1431092c4c4:6d41,SRCE_2014_AE  - Autres cours d'eau hors trame bleue,FeatureTypeInfoImpl--1349261:1431092c4c4:6d41
SYSDAU - Terroir viticole à enjeu classé en espace naturel majeur,FeatureTypeInfoImpl--3d639cb2:13285edbc12:-7de6,SYSDAU - Terroir viticole à enjeu classé en espace naturel majeur,FeatureTypeInfoImpl--3d639cb2:13285edbc12:-7de6
Suivi des DU - Comparaison date approbation DU intégré et date SUDOCUH,FeatureTypeInfoImpl-2cbed9d4:152ca1b111b:4d2,Suivi des DU - Comparaison date approbation DU intégré et date SUDOCUH,FeatureTypeInfoImpl-2cbed9d4:152ca1b111b:4d2
Suivi des DU - Comparaison date approbation DU intégré et date SUDOCUH,FeatureTypeInfoImpl--71dfccad:1559111f8d6:324d,Suivi des DU - Comparaison date approbation DU intégré et date SUDOCUH,FeatureTypeInfoImpl-2cbed9d4:152ca1b111b:4d2
Suivi des DU - Comparaison date approbation DU intégré et date SUDOCUH,FeatureTypeInfoImpl--4ecb909f:15b00e4e6d7:53ef,Suivi des DU - Comparaison date approbation DU intégré et date SUDOCUH,FeatureTypeInfoImpl-2cbed9d4:152ca1b111b:4d2
CR Aqutaine - Bassin Arcachon 1ms Gisement hydrolien brut,FeatureTypeInfoImpl-40b93b40:14ae30c2fb5:5f32,CR Aqutaine - Bassin Arcachon 1.5ms Gisement hydrolien brut,FeatureTypeInfoImpl-40b93b40:14ae2fc9792:14ca
CR Aqutaine - Estuaire Adour 1ms Gisement hydrolien brut,FeatureTypeInfoImpl-40b93b40:14ae2f54845:75ec,CR Aqutaine - Estuaire Adour 1ms Gisement hydrolien brut,FeatureTypeInfoImpl-40b93b40:14ae2f54845:75ec
CR Aqutaine - Estuaire Gironde 1ms Gisement hydrolien brut,FeatureTypeInfoImpl-40b93b40:14ae38b9471:-1c5d,CR Aqutaine - Estuaire Gironde 1.5ms Gisement hydrolien brut,FeatureTypeInfoImpl-40b93b40:14ae30c2fb5:5f6c
ARS - PPE 24 - Périmètres de protection éloignés des captages,FeatureTypeInfoImpl--1812fe21:13fece6373d:14ca,ARS - PPE 24 - Périmètres de protection éloignés des captages,FeatureTypeInfoImpl--1812fe21:13fece6373d:14ca
ARS - PPE 33 - Périmètres de protection éloignés des captages,FeatureTypeInfoImpl--1812fe21:13fece6373d:1697,ARS - PPE 33 - Périmètres de protection éloignés des captages,FeatureTypeInfoImpl--1812fe21:13fece6373d:1697
ARS - PPE 40 - Périmètres de protection éloignés des captages,FeatureTypeInfoImpl--1812fe21:13fece6373d:1769,ARS - PPE 40 - Périmètres de protection éloignés des captages,FeatureTypeInfoImpl--1812fe21:13fece6373d:1769
ARS - PPE 47 - Périmètres de protection éloignés des captages,FeatureTypeInfoImpl--1812fe21:13fece6373d:469c,ARS - PPE 47 - Périmètres de protection éloignés des captages,FeatureTypeInfoImpl--1812fe21:13fece6373d:469c
ARS - PPE 64 - Périmètres de protection éloignés des captages,FeatureTypeInfoImpl--1812fe21:13fece6373d:4704,ARS - PPE 64 - Périmètres de protection éloignés des captages,FeatureTypeInfoImpl--1812fe21:13fece6373d:4704
ARS - PPI 24 - Périmètres de protection immédiats des captages,FeatureTypeInfoImpl--1812fe21:13fed2fbc91:-706e,ARS - PPI 24 - Périmètres de protection immédiats des captages,FeatureTypeInfoImpl--1812fe21:13fed2fbc91:-706e
ARS - PPI 33 - Périmètres de protection immédiats des captages,FeatureTypeInfoImpl--1812fe21:13fed2fbc91:-7056,ARS - PPI 33 - Périmètres de protection immédiats des captages,FeatureTypeInfoImpl--1812fe21:13fed2fbc91:-7056
ARS - PPI 40 - Périmètres de protection immédiats des captages,FeatureTypeInfoImpl--1812fe21:13fed2fbc91:-7054,ARS - PPI 40 - Périmètres de protection immédiats des captages,FeatureTypeInfoImpl--1812fe21:13fed2fbc91:-7054
ARS - PPI 47 - Périmètres de protection immédiats des captages,FeatureTypeInfoImpl--1812fe21:13fed2fbc91:-7050,ARS - PPI 47 - Périmètres de protection immédiats des captages,FeatureTypeInfoImpl--1812fe21:13fed2fbc91:-7050
ARS - PPI 64 - Périmètres de protection immédiats des captages,FeatureTypeInfoImpl--1812fe21:13fed2fbc91:-704e,ARS - PPI 64 - Périmètres de protection immédiats des captages,FeatureTypeInfoImpl--1812fe21:13fed2fbc91:-704e
ARS - PPR 24 - Périmètres de protection rapprochés des captages,FeatureTypeInfoImpl--1812fe21:13fed2fbc91:-3b99,ARS - PPR 24 - Périmètres de protection rapprochés des captages,FeatureTypeInfoImpl--1812fe21:13fed2fbc91:-3b99
ARS - PPR 33 - Périmètres de protection rapprochés des captages,FeatureTypeInfoImpl--1812fe21:13fed2fbc91:-304f,ARS - PPR 33 - Périmètres de protection rapprochés des captages,FeatureTypeInfoImpl--1812fe21:13fed2fbc91:-304f
ARS - PPR 40 - Périmètres de protection rapprochés des captages,FeatureTypeInfoImpl--1812fe21:13fed2fbc91:-304d,ARS - PPR 40 - Périmètres de protection rapprochés des captages,FeatureTypeInfoImpl--1812fe21:13fed2fbc91:-304d
ARS - PPR 47 - Périmètres de protection rapprochés des captages,FeatureTypeInfoImpl--1812fe21:13fed2fbc91:-304b,ARS - PPR 47 - Périmètres de protection rapprochés des captages,FeatureTypeInfoImpl--1812fe21:13fed2fbc91:-304b
ARS - PPR 64 - Périmètres de protection rapprochés des captages,FeatureTypeInfoImpl--1812fe21:13fed2fbc91:-2d3e,ARS - PPR 64 - Périmètres de protection rapprochés des captages,FeatureTypeInfoImpl--1812fe21:13fed2fbc91:-2d3e
Cadaujac - Niveau acoustique d’évaluation jour-soirée-nuit > 73DB,FeatureTypeInfoImpl--3d639cb2:13285edbc12:-7f34,Cadaujac - Niveau acoustique d’évaluation jour-soirée-nuit > 73DB,FeatureTypeInfoImpl--3d639cb2:13285edbc12:-7f34
Cadaujac - Niveau acoustique d’évaluation nocturne > 65DB,FeatureTypeInfoImpl--3d639cb2:13285edbc12:-7f48,Cadaujac - Niveau acoustique d’évaluation nocturne > 65DB,FeatureTypeInfoImpl--3d639cb2:13285edbc12:-7f48
Cadaujac - Niveau acoustique d’évaluation nocturne des routes LN,FeatureTypeInfoImpl--3d639cb2:13285edbc12:-7eea,Cadaujac - Niveau acoustique d’évaluation nocturne des routes LN,FeatureTypeInfoImpl--3d639cb2:13285edbc12:-7eea
CDC Estuaire - Habitats d'intérêt communautaire de la ZSC (Zones Spéciales de Conservation),FeatureTypeInfoImpl--60d2bb13:13cb4eacc01:-f00,CDC Estuaire - Habitats d'intérêt communautaire de la ZSC (Zones Spéciales de Conservation),FeatureTypeInfoImpl--60d2bb13:13cb4eacc01:-f00
CDC Sarlat Périgord Noir - AEP Conduite branchement,FeatureTypeInfoImpl-21464d69:14ebf34b699:3179,CDC Sarlat Périgord Noir - AEP Conduite branchement,FeatureTypeInfoImpl-21464d69:14ebf34b699:3179
CDC Sarlat Périgord Noir - Assainissement Conduite branchement,FeatureTypeInfoImpl-21464d69:14ebf34b699:3645,CDC Sarlat Périgord Noir - Assainissement Conduite branchement,FeatureTypeInfoImpl-21464d69:14ebf34b699:3645
SMBV des Lacs du Born - Forêts dunaires de la Teste de Buch,FeatureTypeInfoImpl--39f1150e:152697fae62:42df,SMBV des Lacs du Born - Forêts dunaires de la Teste de Buch,FeatureTypeInfoImpl--39f1150e:152697fae62:42df
CG 64 - Liaisons entre sentiers du Plan Local de Randonnées,FeatureTypeInfoImpl-1efb5ae3:137edde9d3f:-6e8d,CG 64 - Liaisons entre sentiers du Plan Local de Randonnées,FeatureTypeInfoImpl-1efb5ae3:137edde9d3f:-6e8d
PIGMA - Part des 15-24 ans dans la population totale 2009,FeatureTypeInfoImpl-43d64256:13adafc165f:-4dd5,PIGMA - Part des 15-24 ans dans la population totale 2009,FeatureTypeInfoImpl-43d64256:13adafc165f:-4dd5
PIGMA - Part des 25-54 ans dans la population totale 2009,FeatureTypeInfoImpl-43d64256:13ada8f133b:42c2,PIGMA - Part des 25-54 ans dans la population totale 2009,FeatureTypeInfoImpl-43d64256:13ada8f133b:42c2
PIGMA - Part des 55-64 ans dans la population totale en 2009,FeatureTypeInfoImpl-43d64256:13adaa976ed:-5520,PIGMA - Part des 55-64 ans dans la population totale en 2009,FeatureTypeInfoImpl-43d64256:13adaa976ed:-5520
PIGMA - Part des actifs 15-64 ans / population totale en 2009,FeatureTypeInfoImpl-43d64256:13adb3c847f:-fff,PIGMA - Part des actifs 15-64 ans / population totale en 2009,FeatureTypeInfoImpl-43d64256:13adb3c847f:-fff
DREAL - Centres d'examen des permis de conduire en 2014 en Aquitaine,FeatureTypeInfoImpl-1bfb0579:14dd2b21513:-5bc1,DREAL - Centres d'examen des permis de conduire en 2014 en Aquitaine,FeatureTypeInfoImpl-1bfb0579:14dd2b21513:-5bc1
DREAL - Trafic comptages BDX Metropole de 2011 à 2015,FeatureTypeInfoImpl--25674c34:158f3c52444:381e,DREAL - Trafic comptages BDX Metropole de 2011 à 2015,FeatureTypeInfoImpl--25674c34:158f3c52444:381e
EHLG_Referenciel agricole sur le Pays Basque entre 2000 et 2010,FeatureTypeInfoImpl-223d3190:153141fe3c0:-3923,EHLG_Referenciel agricole sur le Pays Basque entre 2000 et 2010,FeatureTypeInfoImpl-223d3190:153141fe3c0:-3923
ERDF - Appareil de coupure sous terrain moyenne tension,FeatureTypeInfoImpl--433409c9:133c599c9af:-7d2e,ERDF - Appareil de coupure sous terrain moyenne tension,FeatureTypeInfoImpl--433409c9:133c599c9af:-7d2e
ERDF - Réseau aérien moyenne tension (15kv - 20kv),FeatureTypeInfoImpl-50da8329:133db20c97a:-7955,ERDF - Réseau aérien moyenne tension (15kv - 20kv),FeatureTypeInfoImpl-50da8329:133db20c97a:-7955
ERDF - Réseau enterré moyenne tension (15kv - 20kv),FeatureTypeInfoImpl-50da8329:133db20c97a:-7951,ERDF - Réseau enterré moyenne tension (15kv - 20kv),FeatureTypeInfoImpl-50da8329:133db20c97a:-7951
GeoTransfert - Evolution du trait de côte entre 2010 et 2012,FeatureTypeInfoImpl-2245790e:1419c920d26:-3b08,GeoTransfert - Evolution du trait de côte entre 2010 et 2012,FeatureTypeInfoImpl-2245790e:1419c920d26:-3b08
GeoTransfert - Evolution du trait de côte entre 2012 et 2013,FeatureTypeInfoImpl-2245790e:1419c920d26:-3af2,GeoTransfert - Evolution du trait de côte entre 2012 et 2013,FeatureTypeInfoImpl-2245790e:1419c920d26:-3af2
IGN BD TOPO - Point d'eau - Région étendue,FeatureTypeInfoImpl--2c77ddf1:14bdae1b5e9:3137,IGN BD TOPO - Point d'eau - Région étendue,FeatureTypeInfoImpl--2c77ddf1:14bdae1b5e9:3137
IGN BD TOPO - Réservoir d'eau - Région étendue,FeatureTypeInfoImpl--2c77ddf1:14bdb1221c9:330c,IGN BD TOPO - Réservoir d'eau - Région étendue,FeatureTypeInfoImpl--2c77ddf1:14bdb1221c9:330c
IGN BD TOPO - Tronçon laisse - Région étendue,FeatureTypeInfoImpl--2c77ddf1:14bdb4ff59d:3899,IGN BD TOPO - Tronçon laisse - Région étendue,FeatureTypeInfoImpl--2c77ddf1:14bdb4ff59d:3899
IGN BD TOPO - Zone Végétation - Région étendue,FeatureTypeInfoImpl--2c77ddf1:14bd99631d7:33cb,IGN BD TOPO - Zone Végétation - Région étendue,FeatureTypeInfoImpl--2c77ddf1:14bd99631d7:33cb
Vue Aérienne IGN 2012 50cm Noir et Blanc Aquitaine,CoverageInfoImpl-1bc2c2b4:147e969eb79:-4b6a,Vue Aérienne IGN 2012 50cm Noir et Blanc Aquitaine,CoverageInfoImpl-1bc2c2b4:147e969eb79:-4b6a
INSEE - Part des chômeurs entre 15 et 24 ans par communes,FeatureTypeInfoImpl-48337e3e:150c868ce7e:403d,INSEE - Part des chômeurs entre 15 et 24 ans par communes,FeatureTypeInfoImpl-48337e3e:150c868ce7e:403d
INSEE - Part des chômeurs entre 25 et 54 ans par communes,FeatureTypeInfoImpl-48337e3e:150c868ce7e:4083,INSEE - Part des chômeurs entre 25 et 54 ans par communes,FeatureTypeInfoImpl-48337e3e:150c868ce7e:4083
INSEE - Part des chômeurs entre 55 et 64 ans par communes,FeatureTypeInfoImpl-48337e3e:150c868ce7e:41c1,INSEE - Part des chômeurs entre 55 et 64 ans par communes,FeatureTypeInfoImpl-48337e3e:150c868ce7e:41c1
INSEE - Taux de chômage entre 15 et 24 ans par communes,FeatureTypeInfoImpl-48337e3e:150c868ce7e:43e8,INSEE - Taux de chômage entre 15 et 24 ans par communes,FeatureTypeInfoImpl-48337e3e:150c868ce7e:43e8
INSEE - Taux de chômage entre 15 et 64 ans par communes,FeatureTypeInfoImpl-48337e3e:150c868ce7e:4429,INSEE - Taux de chômage entre 15 et 64 ans par communes,FeatureTypeInfoImpl-48337e3e:150c868ce7e:4429
INSEE - Taux de chômage entre 25 et 54 ans par communes,FeatureTypeInfoImpl-48337e3e:150c868ce7e:4452,INSEE - Taux de chômage entre 25 et 54 ans par communes,FeatureTypeInfoImpl-48337e3e:150c868ce7e:4452
INSEE - Taux de chômage entre 55 et 64 ans par communes,FeatureTypeInfoImpl-48337e3e:150c868ce7e:44ac,INSEE - Taux de chômage entre 55 et 64 ans par communes,FeatureTypeInfoImpl-48337e3e:150c868ce7e:44ac
PNR LG -  Zones d'éradication des grenouilles taureau,FeatureTypeInfoImpl--2aae7c6e:13542c0f87f:-6425,PNR LG -  Zones d'éradication des grenouilles taureau,FeatureTypeInfoImpl--2aae7c6e:13542c0f87f:-6425
PNR LG -  Zones de Gagnage de la Grue Cendrée,FeatureTypeInfoImpl--2aae7c6e:13542c0f87f:-63da,PNR LG -  Zones de Gagnage de la Grue Cendrée,FeatureTypeInfoImpl--2aae7c6e:13542c0f87f:-63da
Rectorat - Etablissements du 2nd degré avec EPI (Novembre 2016),FeatureTypeInfoImpl--7b1f44fd:143069985a2:-1697,Rectorat - Etablissements du 2nd degré avec EPI (Novembre 2016),FeatureTypeInfoImpl--7b1f44fd:143069985a2:-1697
RTE - Support du réseau de transport électrique aérien - Av Numéro,FeatureTypeInfoImpl--61be1724:14b3003c04e:-359e,RTE - Support du réseau de transport électrique aérien - Av Numéro,FeatureTypeInfoImpl--61be1724:14b3003c04e:-359e
SDEE 47 - Points lumineux du réseau d’éclairage public,FeatureTypeInfoImpl--2c09ce2b:13b94940983:-741e,SDEE 47 - Points lumineux du réseau d’éclairage public,FeatureTypeInfoImpl--2c09ce2b:13b94940983:-741e
SMEAG -  Forêts alluviales: priorités et plan d'action,FeatureTypeInfoImpl--3d639cb2:13285edbc12:-7fa8,SMEAG -  Forêts alluviales: priorités et plan d'action,FeatureTypeInfoImpl--3d639cb2:13285edbc12:-7fa8
SIAEP LALINDE - Plaque du réseau d'Alimentation en Eau  Potable,FeatureTypeInfoImpl-6213a6cc:134c6c9185c:-4fc3,SIAEP LALINDE - Plaque du réseau d'Alimentation en Eau  Potable,FeatureTypeInfoImpl-6213a6cc:134c6c9185c:-4fc3
SMEAG -  Points d'atterissement: priorités et plan d'action,FeatureTypeInfoImpl--3d639cb2:13285edbc12:-7f9c,SMEAG -  Points d'atterissement: priorités et plan d'action,FeatureTypeInfoImpl--3d639cb2:13285edbc12:-7f9c
PIGMA - Part des actifs occupés 15 ans et plus travaillant hors de leurs communes de résidence en 2009,FeatureTypeInfoImpl-2af25b80:13ab1de8d76:-6cf0,PIGMA - Part des actifs occupés 15 ans et plus travaillant hors de leurs communes de résidence en 2009,FeatureTypeInfoImpl-2af25b80:13ab1de8d76:-6cf0
SMEAP - Préinventaire des espaces naturels humides dans les vallées des principaux affluents de la Dronne moyenne,FeatureTypeInfoImpl--3d639cb2:13285edbc12:-7db4,SMEAP - Préinventaire des espaces naturels humides dans les vallées des principaux affluents de la Dronne moyenne,FeatureTypeInfoImpl--3d639cb2:13285edbc12:-7db4
Infrastructures Cyclables Existantes - Référentiel Unique département de la Gironde 33 - Atelier pistes cyclables,FeatureTypeInfoImpl-3215f0b9:1501e697e6c:-5c68,Infrastructures Cyclables Existantes - Référentiel Unique département de la Gironde 33 - Atelier pistes cyclables,FeatureTypeInfoImpl-3215f0b9:1501e697e6c:-5c68
Itinéraires Cyclables en Projet - Référentiel Unique département de la Gironde 33 - Atelier pistes cyclables,FeatureTypeInfoImpl-3215f0b9:1501e8b90c1:-5d25,Itinéraires Cyclables en Projet - Référentiel Unique département de la Gironde 33 - Atelier pistes cyclables,FeatureTypeInfoImpl-3215f0b9:1501e8b90c1:-5d25
SMBV des Lacs du Born - Zones humides de l'arrière dune des pays de Born et de Buch,FeatureTypeInfoImpl--ed32812:14bfe3331b7:-5ec3,SMBV des Lacs du Born - Zones humides de l'arrière dune des pays de Born et de Buch,FeatureTypeInfoImpl--ed32812:14bfe3331b7:-5ec3
CR Aqutaine - Points pose Estuaire Adour - Calcul des potentiels technico-économiques hydrolien,FeatureTypeInfoImpl-2913d3a8:14ae788d65c:71c,CR Aqutaine - Points pose Estuaire Adour - Calcul des potentiels technico-économiques hydrolien,FeatureTypeInfoImpl-2913d3a8:14ae788d65c:71c
CR Aqutaine - Points pose Estuaire Gironde - Calcul des potentiels technico-économiques hydrolien,FeatureTypeInfoImpl-2913d3a8:14ae7bfd241:-52c4,CR Aqutaine - Points pose Estuaire Gironde - Calcul des potentiels technico-économiques hydrolien,FeatureTypeInfoImpl-2913d3a8:14ae7bfd241:-52c4
CR Aqutaine - Zones pose Estuaire Adour - Calcul des potentiels technico-économiques hydrolien,FeatureTypeInfoImpl-40b93b40:14ae3a76112:-4b10,CR Aqutaine - Zones pose Estuaire Adour - Calcul des potentiels technico-économiques hydrolien,FeatureTypeInfoImpl-40b93b40:14ae3a76112:-4b10
CR Aqutaine - Zones pose Bassin Arcachon - Calcul des potentiels technico-économiques hydrolien,FeatureTypeInfoImpl-40b93b40:14ae42b46ba:6577,CR Aqutaine - Zones pose Bassin Arcachon - Calcul des potentiels technico-économiques hydrolien,FeatureTypeInfoImpl-40b93b40:14ae42b46ba:6577
CR Aqutaine - Zones pose Estuaire Gironde - Calcul des potentiels technico-économiques hydrolien,FeatureTypeInfoImpl-40b93b40:14ae38bb7c3:62de,CR Aqutaine - Zones pose Estuaire Gironde - Calcul des potentiels technico-économiques hydrolien,FeatureTypeInfoImpl-40b93b40:14ae38bb7c3:62de
SRCE - OA Réservoirs de Biodiversité à préserver sous réserve de confirmation de leur intérêt,FeatureTypeInfoImpl-4d80d622:153a8be2757:-5265,SRCE - OA Réservoirs de Biodiversité à préserver sous réserve de confirmation de leur intérêt,FeatureTypeInfoImpl-4d80d622:153a8be2757:-5265
CR Aqutaine - Estuaire Gironde avec contraintes 1ms Gisement hydrolien brut,FeatureTypeInfoImpl-2913d3a8:14ae80226db:f14,CR Aqutaine - Estuaire Gironde avec contraintes 1ms Gisement hydrolien brut,FeatureTypeInfoImpl-2913d3a8:14ae80226db:f14
Cadaujac - Niveau acoustique d’évaluation des routes jour-soirée-nuit > 68 DB,FeatureTypeInfoImpl--3d639cb2:13285edbc12:-7f7a,Cadaujac - Niveau acoustique d’évaluation des routes jour-soirée-nuit > 68 DB,FeatureTypeInfoImpl--3d639cb2:13285edbc12:-7f7a
CR Aqutaine - Zones pose Dordogne - Calcul des potentiels technico-économiques hydrolien,FeatureTypeInfoImpl-2913d3a8:14ae79fbdaa:2531,CR Aqutaine - Zones pose Dordogne - Calcul des potentiels technico-économiques hydrolien,FeatureTypeInfoImpl-2913d3a8:14ae79fbdaa:2531
CR Aqutaine - Zones pose Garonne - Calcul des potentiels technico-économiques hydrolien,FeatureTypeInfoImpl-2913d3a8:14ae7b6672d:32c7,CR Aqutaine - Zones pose Garonne - Calcul des potentiels technico-économiques hydrolien,FeatureTypeInfoImpl-2913d3a8:14ae7b6672d:32c7
SMEAP - Préinventaire des espaces naturels humides dans la vallée moyenne de la Dronne,FeatureTypeInfoImpl--3d639cb2:13285edbc12:-7db0,SMEAP - Préinventaire des espaces naturels humides dans la vallée moyenne de la Dronne,FeatureTypeInfoImpl--3d639cb2:13285edbc12:-7db0
CR Aqutaine - Bassin Arcachon 1.5ms Gisement hydrolien brut,FeatureTypeInfoImpl-40b93b40:14ae2fc9792:14ca,CR Aqutaine - Bassin Arcachon 1.5ms Gisement hydrolien brut,FeatureTypeInfoImpl-40b93b40:14ae2fc9792:14ca
CR Aqutaine - Estuaire Gironde 1.5ms Gisement hydrolien brut,FeatureTypeInfoImpl-40b93b40:14ae30c2fb5:5f6c,CR Aqutaine - Estuaire Gironde 1.5ms Gisement hydrolien brut,FeatureTypeInfoImpl-40b93b40:14ae30c2fb5:5f6c
BD Parcellaire Gironde : localisants avec fichiers majic 2012,FeatureTypeInfoImpl-4d4cdcbb:1391db5d845:-7659,BD Parcellaire Gironde : localisants avec fichiers majic 2012,FeatureTypeInfoImpl-4d4cdcbb:1391db5d845:-7659
BD Parcellaire Gironde avec fichiers majic 2011 et 2012,FeatureTypeInfoImpl-722cc45b:138dac32c62:-3fde,BD Parcellaire Gironde avec fichiers majic 2011 et 2012,FeatureTypeInfoImpl-722cc45b:138dac32c62:-3fde
BD Parcellaire Landes avec fichiers majic 2011 et 2012,FeatureTypeInfoImpl-722cc45b:138dd70a3c1:3949,BD Parcellaire Landes avec fichiers majic 2011 et 2012,FeatureTypeInfoImpl-722cc45b:138dd70a3c1:3949
Cadaujac - Niveau acoustique d’évaluation nocturne des routes > 62 dB,FeatureTypeInfoImpl--3d639cb2:13285edbc12:-7f22,Cadaujac - Niveau acoustique d’évaluation nocturne des routes > 62 dB,FeatureTypeInfoImpl--3d639cb2:13285edbc12:-7f22
CR Aqutaine - Eolien posé - Calcul des potentiels technico-économiques - Polygone,FeatureTypeInfoImpl-40b93b40:14ae40cab4d:-3442,CR Aqutaine - Eolien posé - Calcul des potentiels technico-économiques - Polygone,FeatureTypeInfoImpl-40b93b40:14ae40cab4d:-3442
CR Aqutaine - Eolien posé - Calcul des potentiels technico-économiques - Point,FeatureTypeInfoImpl-40b93b40:14ae3fb4fdb:-4961,CR Aqutaine - Eolien posé - Calcul des potentiels technico-économiques - Point,FeatureTypeInfoImpl-40b93b40:14ae3fb4fdb:-4961
SAGE - Dunes modernes du littoral landais d'Arcachon à Mimizan Plage,FeatureTypeInfoImpl--524a0744:1527958b054:214e,SAGE - Dunes modernes du littoral landais d'Arcachon à Mimizan Plage,FeatureTypeInfoImpl--524a0744:1527958b054:214e
CR Aqutaine - Houle nearshore - Calcul des potentiels technico-économiques hydrolien,FeatureTypeInfoImpl-40b93b40:14ae3e03095:2e67,CR Aqutaine - Houle nearshore - Calcul des potentiels technico-économiques hydrolien,FeatureTypeInfoImpl-40b93b40:14ae3e03095:2e67
CR Aqutaine - Houle offshore - Calcul des potentiels technico-économiques hydrolien,FeatureTypeInfoImpl-40b93b40:14ae3f8038a:5c93,CR Aqutaine - Houle offshore - Calcul des potentiels technico-économiques hydrolien,FeatureTypeInfoImpl-40b93b40:14ae3f8038a:5c93
CR Aqutaine - Gisement éolien posé Profondeur < 30 m,FeatureTypeInfoImpl-40b93b40:14ae2b85c52:-1a39,CR Aqutaine - Gisement éolien posé Profondeur < 30 m,FeatureTypeInfoImpl-40b93b40:14ae2b85c52:-1a39
CR Aqutaine - Gisement éolien posé Profondeur 30 à 45 m,FeatureTypeInfoImpl-40b93b40:14ae2db757c:372c,CR Aqutaine - Gisement éolien posé Profondeur 30 à 45 m,FeatureTypeInfoImpl-40b93b40:14ae2db757c:372c
GIP ATGeRi - OCS évolution entre 2000 et 2009 Extension 24 - Bêta,FeatureTypeInfoImpl--5f51174f:1530ef1e470:75a5,GIP ATGeRi - OCS évolution entre 2000 et 2009 Extension 24 - Bêta,FeatureTypeInfoImpl--5f51174f:1530ef1e470:75a5
GIP ATGeRi - OCS évolution entre 2000 et 2009 Extension 33 - Bêta,FeatureTypeInfoImpl--5f51174f:1530ef53444:-4545,GIP ATGeRi - OCS évolution entre 2000 et 2009 Extension 33 - Bêta,FeatureTypeInfoImpl--5f51174f:1530ef53444:-4545
GIP ATGeRi - OCS évolution entre 2000 et 2009 Extension 40 - Bêta,FeatureTypeInfoImpl-375d97f6:1500390e6c2:-3588,GIP ATGeRi - OCS évolution entre 2000 et 2009 Extension 40 - Bêta,FeatureTypeInfoImpl-375d97f6:1500390e6c2:-3588
GIP ATGeRi - OCS évolution entre 2000 et 2009 Extension 47 - Bêta,FeatureTypeInfoImpl--22d246a4:1523138923a:-6bd9,GIP ATGeRi - OCS évolution entre 2000 et 2009 Extension 47 - Bêta,FeatureTypeInfoImpl--22d246a4:1523138923a:-6bd9
GIP ATGeRi - OCS évolution entre 2000 et 2009 Extension 64 - Bêta,FeatureTypeInfoImpl-375d97f6:1500390e6c2:-348f,GIP ATGeRi - OCS évolution entre 2000 et 2009 Extension 64 - Bêta,FeatureTypeInfoImpl-375d97f6:1500390e6c2:-348f
IGN BD TOPO - Troncons cours d'eau - Région étendue,FeatureTypeInfoImpl--2c77ddf1:14bdb2da1a3:5823,IGN BD TOPO - Troncons cours d'eau - Région étendue,FeatureTypeInfoImpl--2c77ddf1:14bdb2da1a3:5823
SMEAG -  Station de suivi du bouchon vaseux à Portets (33),FeatureTypeInfoImpl--3d639cb2:13285edbc12:-7fb2,SMEAG -  Station de suivi du bouchon vaseux à Portets (33),FeatureTypeInfoImpl--3d639cb2:13285edbc12:-7fb2
SRCE - EF Liaisons principales et Liaisons régionales > 5000 v/j,FeatureTypeInfoImpl--57865d2e:1436bb867e2:33f3,SRCE - EF Liaisons principales et Liaisons régionales > 5000 v/j,FeatureTypeInfoImpl--57865d2e:1436bb867e2:33f3
SRCE_2014_AE  - Autres cours d'eau hors trame bleue,FeatureTypeInfoImpl--1349261:1431092c4c4:6d41,SRCE_2014_AE  - Autres cours d'eau hors trame bleue,FeatureTypeInfoImpl--1349261:1431092c4c4:6d41
SYSDAU - Terroir viticole à enjeu classé en espace naturel majeur,FeatureTypeInfoImpl--3d639cb2:13285edbc12:-7de6,SYSDAU - Terroir viticole à enjeu classé en espace naturel majeur,FeatureTypeInfoImpl--3d639cb2:13285edbc12:-7de6
Suivi des DU - Comparaison date approbation DU intégré et date SUDOCUH,FeatureTypeInfoImpl-2cbed9d4:152ca1b111b:4d2,Suivi des DU - Comparaison date approbation DU intégré et date SUDOCUH,FeatureTypeInfoImpl-2cbed9d4:152ca1b111b:4d2
Suivi des DU - Comparaison date approbation DU intégré et date SUDOCUH,FeatureTypeInfoImpl--71dfccad:1559111f8d6:324d,Suivi des DU - Comparaison date approbation DU intégré et date SUDOCUH,FeatureTypeInfoImpl-2cbed9d4:152ca1b111b:4d2
Suivi des DU - Comparaison date approbation DU intégré et date SUDOCUH,FeatureTypeInfoImpl--4ecb909f:15b00e4e6d7:53ef,Suivi des DU - Comparaison date approbation DU intégré et date SUDOCUH,FeatureTypeInfoImpl-2cbed9d4:152ca1b111b:4d2
CR Aqutaine - Bassin Arcachon 1ms Gisement hydrolien brut,FeatureTypeInfoImpl-40b93b40:14ae30c2fb5:5f32,CR Aqutaine - Bassin Arcachon 1.5ms Gisement hydrolien brut,FeatureTypeInfoImpl-40b93b40:14ae2fc9792:14ca
CR Aqutaine - Estuaire Adour 1ms Gisement hydrolien brut,FeatureTypeInfoImpl-40b93b40:14ae2f54845:75ec,CR Aqutaine - Estuaire Adour 1ms Gisement hydrolien brut,FeatureTypeInfoImpl-40b93b40:14ae2f54845:75ec
CR Aqutaine - Estuaire Gironde 1ms Gisement hydrolien brut,FeatureTypeInfoImpl-40b93b40:14ae38b9471:-1c5d,CR Aqutaine - Estuaire Gironde 1.5ms Gisement hydrolien brut,FeatureTypeInfoImpl-40b93b40:14ae30c2fb5:5f6c
ARS - PPE 24 - Périmètres de protection éloignés des captages,FeatureTypeInfoImpl--1812fe21:13fece6373d:14ca,ARS - PPE 24 - Périmètres de protection éloignés des captages,FeatureTypeInfoImpl--1812fe21:13fece6373d:14ca
ARS - PPE 33 - Périmètres de protection éloignés des captages,FeatureTypeInfoImpl--1812fe21:13fece6373d:1697,ARS - PPE 33 - Périmètres de protection éloignés des captages,FeatureTypeInfoImpl--1812fe21:13fece6373d:1697
ARS - PPE 40 - Périmètres de protection éloignés des captages,FeatureTypeInfoImpl--1812fe21:13fece6373d:1769,ARS - PPE 40 - Périmètres de protection éloignés des captages,FeatureTypeInfoImpl--1812fe21:13fece6373d:1769
ARS - PPE 47 - Périmètres de protection éloignés des captages,FeatureTypeInfoImpl--1812fe21:13fece6373d:469c,ARS - PPE 47 - Périmètres de protection éloignés des captages,FeatureTypeInfoImpl--1812fe21:13fece6373d:469c
ARS - PPE 64 - Périmètres de protection éloignés des captages,FeatureTypeInfoImpl--1812fe21:13fece6373d:4704,ARS - PPE 64 - Périmètres de protection éloignés des captages,FeatureTypeInfoImpl--1812fe21:13fece6373d:4704
ARS - PPI 24 - Périmètres de protection immédiats des captages,FeatureTypeInfoImpl--1812fe21:13fed2fbc91:-706e,ARS - PPI 24 - Périmètres de protection immédiats des captages,FeatureTypeInfoImpl--1812fe21:13fed2fbc91:-706e
ARS - PPI 33 - Périmètres de protection immédiats des captages,FeatureTypeInfoImpl--1812fe21:13fed2fbc91:-7056,ARS - PPI 33 - Périmètres de protection immédiats des captages,FeatureTypeInfoImpl--1812fe21:13fed2fbc91:-7056
ARS - PPI 40 - Périmètres de protection immédiats des captages,FeatureTypeInfoImpl--1812fe21:13fed2fbc91:-7054,ARS - PPI 40 - Périmètres de protection immédiats des captages,FeatureTypeInfoImpl--1812fe21:13fed2fbc91:-7054
ARS - PPI 47 - Périmètres de protection immédiats des captages,FeatureTypeInfoImpl--1812fe21:13fed2fbc91:-7050,ARS - PPI 47 - Périmètres de protection immédiats des captages,FeatureTypeInfoImpl--1812fe21:13fed2fbc91:-7050
ARS - PPI 64 - Périmètres de protection immédiats des captages,FeatureTypeInfoImpl--1812fe21:13fed2fbc91:-704e,ARS - PPI 64 - Périmètres de protection immédiats des captages,FeatureTypeInfoImpl--1812fe21:13fed2fbc91:-704e
ARS - PPR 24 - Périmètres de protection rapprochés des captages,FeatureTypeInfoImpl--1812fe21:13fed2fbc91:-3b99,ARS - PPR 24 - Périmètres de protection rapprochés des captages,FeatureTypeInfoImpl--1812fe21:13fed2fbc91:-3b99
ARS - PPR 33 - Périmètres de protection rapprochés des captages,FeatureTypeInfoImpl--1812fe21:13fed2fbc91:-304f,ARS - PPR 33 - Périmètres de protection rapprochés des captages,FeatureTypeInfoImpl--1812fe21:13fed2fbc91:-304f
ARS - PPR 40 - Périmètres de protection rapprochés des captages,FeatureTypeInfoImpl--1812fe21:13fed2fbc91:-304d,ARS - PPR 40 - Périmètres de protection rapprochés des captages,FeatureTypeInfoImpl--1812fe21:13fed2fbc91:-304d
ARS - PPR 47 - Périmètres de protection rapprochés des captages,FeatureTypeInfoImpl--1812fe21:13fed2fbc91:-304b,ARS - PPR 47 - Périmètres de protection rapprochés des captages,FeatureTypeInfoImpl--1812fe21:13fed2fbc91:-304b
ARS - PPR 64 - Périmètres de protection rapprochés des captages,FeatureTypeInfoImpl--1812fe21:13fed2fbc91:-2d3e,ARS - PPR 64 - Périmètres de protection rapprochés des captages,FeatureTypeInfoImpl--1812fe21:13fed2fbc91:-2d3e
Cadaujac - Niveau acoustique d’évaluation jour-soirée-nuit > 73DB,FeatureTypeInfoImpl--3d639cb2:13285edbc12:-7f34,Cadaujac - Niveau acoustique d’évaluation jour-soirée-nuit > 73DB,FeatureTypeInfoImpl--3d639cb2:13285edbc12:-7f34
Cadaujac - Niveau acoustique d’évaluation nocturne > 65DB,FeatureTypeInfoImpl--3d639cb2:13285edbc12:-7f48,Cadaujac - Niveau acoustique d’évaluation nocturne > 65DB,FeatureTypeInfoImpl--3d639cb2:13285edbc12:-7f48
Cadaujac - Niveau acoustique d’évaluation nocturne des routes LN,FeatureTypeInfoImpl--3d639cb2:13285edbc12:-7eea,Cadaujac - Niveau acoustique d’évaluation nocturne des routes LN,FeatureTypeInfoImpl--3d639cb2:13285edbc12:-7eea
CDC Estuaire - Habitats d'intérêt communautaire de la ZSC (Zones Spéciales de Conservation),FeatureTypeInfoImpl--60d2bb13:13cb4eacc01:-f00,CDC Estuaire - Habitats d'intérêt communautaire de la ZSC (Zones Spéciales de Conservation),FeatureTypeInfoImpl--60d2bb13:13cb4eacc01:-f00
CDC Sarlat Périgord Noir - AEP Conduite branchement,FeatureTypeInfoImpl-21464d69:14ebf34b699:3179,CDC Sarlat Périgord Noir - AEP Conduite branchement,FeatureTypeInfoImpl-21464d69:14ebf34b699:3179
CDC Sarlat Périgord Noir - Assainissement Conduite branchement,FeatureTypeInfoImpl-21464d69:14ebf34b699:3645,CDC Sarlat Périgord Noir - Assainissement Conduite branchement,FeatureTypeInfoImpl-21464d69:14ebf34b699:3645
SMBV des Lacs du Born - Forêts dunaires de la Teste de Buch,FeatureTypeInfoImpl--39f1150e:152697fae62:42df,SMBV des Lacs du Born - Forêts dunaires de la Teste de Buch,FeatureTypeInfoImpl--39f1150e:152697fae62:42df
CG 64 - Liaisons entre sentiers du Plan Local de Randonnées,FeatureTypeInfoImpl-1efb5ae3:137edde9d3f:-6e8d,CG 64 - Liaisons entre sentiers du Plan Local de Randonnées,FeatureTypeInfoImpl-1efb5ae3:137edde9d3f:-6e8d
PIGMA - Part des 15-24 ans dans la population totale 2009,FeatureTypeInfoImpl-43d64256:13adafc165f:-4dd5,PIGMA - Part des 15-24 ans dans la population totale 2009,FeatureTypeInfoImpl-43d64256:13adafc165f:-4dd5
PIGMA - Part des 25-54 ans dans la population totale 2009,FeatureTypeInfoImpl-43d64256:13ada8f133b:42c2,PIGMA - Part des 25-54 ans dans la population totale 2009,FeatureTypeInfoImpl-43d64256:13ada8f133b:42c2
PIGMA - Part des 55-64 ans dans la population totale en 2009,FeatureTypeInfoImpl-43d64256:13adaa976ed:-5520,PIGMA - Part des 55-64 ans dans la population totale en 2009,FeatureTypeInfoImpl-43d64256:13adaa976ed:-5520
PIGMA - Part des actifs 15-64 ans / population totale en 2009,FeatureTypeInfoImpl-43d64256:13adb3c847f:-fff,PIGMA - Part des actifs 15-64 ans / population totale en 2009,FeatureTypeInfoImpl-43d64256:13adb3c847f:-fff
DREAL - Centres d'examen des permis de conduire en 2014 en Aquitaine,FeatureTypeInfoImpl-1bfb0579:14dd2b21513:-5bc1,DREAL - Centres d'examen des permis de conduire en 2014 en Aquitaine,FeatureTypeInfoImpl-1bfb0579:14dd2b21513:-5bc1
DREAL - Trafic comptages BDX Metropole de 2011 à 2015,FeatureTypeInfoImpl--25674c34:158f3c52444:381e,DREAL - Trafic comptages BDX Metropole de 2011 à 2015,FeatureTypeInfoImpl--25674c34:158f3c52444:381e
EHLG_Referenciel agricole sur le Pays Basque entre 2000 et 2010,FeatureTypeInfoImpl-223d3190:153141fe3c0:-3923,EHLG_Referenciel agricole sur le Pays Basque entre 2000 et 2010,FeatureTypeInfoImpl-223d3190:153141fe3c0:-3923
ERDF - Appareil de coupure sous terrain moyenne tension,FeatureTypeInfoImpl--433409c9:133c599c9af:-7d2e,ERDF - Appareil de coupure sous terrain moyenne tension,FeatureTypeInfoImpl--433409c9:133c599c9af:-7d2e
ERDF - Réseau aérien moyenne tension (15kv - 20kv),FeatureTypeInfoImpl-50da8329:133db20c97a:-7955,ERDF - Réseau aérien moyenne tension (15kv - 20kv),FeatureTypeInfoImpl-50da8329:133db20c97a:-7955
ERDF - Réseau enterré moyenne tension (15kv - 20kv),FeatureTypeInfoImpl-50da8329:133db20c97a:-7951,ERDF - Réseau enterré moyenne tension (15kv - 20kv),FeatureTypeInfoImpl-50da8329:133db20c97a:-7951
GeoTransfert - Evolution du trait de côte entre 2010 et 2012,FeatureTypeInfoImpl-2245790e:1419c920d26:-3b08,GeoTransfert - Evolution du trait de côte entre 2010 et 2012,FeatureTypeInfoImpl-2245790e:1419c920d26:-3b08
GeoTransfert - Evolution du trait de côte entre 2012 et 2013,FeatureTypeInfoImpl-2245790e:1419c920d26:-3af2,GeoTransfert - Evolution du trait de côte entre 2012 et 2013,FeatureTypeInfoImpl-2245790e:1419c920d26:-3af2
IGN BD TOPO - Point d'eau - Région étendue,FeatureTypeInfoImpl--2c77ddf1:14bdae1b5e9:3137,IGN BD TOPO - Point d'eau - Région étendue,FeatureTypeInfoImpl--2c77ddf1:14bdae1b5e9:3137
IGN BD TOPO - Réservoir d'eau - Région étendue,FeatureTypeInfoImpl--2c77ddf1:14bdb1221c9:330c,IGN BD TOPO - Réservoir d'eau - Région étendue,FeatureTypeInfoImpl--2c77ddf1:14bdb1221c9:330c
IGN BD TOPO - Tronçon laisse - Région étendue,FeatureTypeInfoImpl--2c77ddf1:14bdb4ff59d:3899,IGN BD TOPO - Tronçon laisse - Région étendue,FeatureTypeInfoImpl--2c77ddf1:14bdb4ff59d:3899
IGN BD TOPO - Zone Végétation - Région étendue,FeatureTypeInfoImpl--2c77ddf1:14bd99631d7:33cb,IGN BD TOPO - Zone Végétation - Région étendue,FeatureTypeInfoImpl--2c77ddf1:14bd99631d7:33cb
Vue Aérienne IGN 2012 50cm Noir et Blanc Aquitaine,CoverageInfoImpl-1bc2c2b4:147e969eb79:-4b6a,Vue Aérienne IGN 2012 50cm Noir et Blanc Aquitaine,CoverageInfoImpl-1bc2c2b4:147e969eb79:-4b6a
INSEE - Part des chômeurs entre 15 et 24 ans par communes,FeatureTypeInfoImpl-48337e3e:150c868ce7e:403d,INSEE - Part des chômeurs entre 15 et 24 ans par communes,FeatureTypeInfoImpl-48337e3e:150c868ce7e:403d
INSEE - Part des chômeurs entre 25 et 54 ans par communes,FeatureTypeInfoImpl-48337e3e:150c868ce7e:4083,INSEE - Part des chômeurs entre 25 et 54 ans par communes,FeatureTypeInfoImpl-48337e3e:150c868ce7e:4083
INSEE - Part des chômeurs entre 55 et 64 ans par communes,FeatureTypeInfoImpl-48337e3e:150c868ce7e:41c1,INSEE - Part des chômeurs entre 55 et 64 ans par communes,FeatureTypeInfoImpl-48337e3e:150c868ce7e:41c1
INSEE - Taux de chômage entre 15 et 24 ans par communes,FeatureTypeInfoImpl-48337e3e:150c868ce7e:43e8,INSEE - Taux de chômage entre 15 et 24 ans par communes,FeatureTypeInfoImpl-48337e3e:150c868ce7e:43e8
INSEE - Taux de chômage entre 15 et 64 ans par communes,FeatureTypeInfoImpl-48337e3e:150c868ce7e:4429,INSEE - Taux de chômage entre 15 et 64 ans par communes,FeatureTypeInfoImpl-48337e3e:150c868ce7e:4429
INSEE - Taux de chômage entre 25 et 54 ans par communes,FeatureTypeInfoImpl-48337e3e:150c868ce7e:4452,INSEE - Taux de chômage entre 25 et 54 ans par communes,FeatureTypeInfoImpl-48337e3e:150c868ce7e:4452
INSEE - Taux de chômage entre 55 et 64 ans par communes,FeatureTypeInfoImpl-48337e3e:150c868ce7e:44ac,INSEE - Taux de chômage entre 55 et 64 ans par communes,FeatureTypeInfoImpl-48337e3e:150c868ce7e:44ac
PNR LG -  Zones d'éradication des grenouilles taureau,FeatureTypeInfoImpl--2aae7c6e:13542c0f87f:-6425,PNR LG -  Zones d'éradication des grenouilles taureau,FeatureTypeInfoImpl--2aae7c6e:13542c0f87f:-6425
PNR LG -  Zones de Gagnage de la Grue Cendrée,FeatureTypeInfoImpl--2aae7c6e:13542c0f87f:-63da,PNR LG -  Zones de Gagnage de la Grue Cendrée,FeatureTypeInfoImpl--2aae7c6e:13542c0f87f:-63da
Rectorat - Etablissements du 2nd degré avec EPI (Novembre 2016),FeatureTypeInfoImpl--7b1f44fd:143069985a2:-1697,Rectorat - Etablissements du 2nd degré avec EPI (Novembre 2016),FeatureTypeInfoImpl--7b1f44fd:143069985a2:-1697
RTE - Support du réseau de transport électrique aérien - Av Numéro,FeatureTypeInfoImpl--61be1724:14b3003c04e:-359e,RTE - Support du réseau de transport électrique aérien - Av Numéro,FeatureTypeInfoImpl--61be1724:14b3003c04e:-359e
SDEE 47 - Points lumineux du réseau d’éclairage public,FeatureTypeInfoImpl--2c09ce2b:13b94940983:-741e,SDEE 47 - Points lumineux du réseau d’éclairage public,FeatureTypeInfoImpl--2c09ce2b:13b94940983:-741e
SMEAG -  Forêts alluviales: priorités et plan d'action,FeatureTypeInfoImpl--3d639cb2:13285edbc12:-7fa8,SMEAG -  Forêts alluviales: priorités et plan d'action,FeatureTypeInfoImpl--3d639cb2:13285edbc12:-7fa8
SIAEP LALINDE - Plaque du réseau d'Alimentation en Eau  Potable,FeatureTypeInfoImpl-6213a6cc:134c6c9185c:-4fc3,SIAEP LALINDE - Plaque du réseau d'Alimentation en Eau  Potable,FeatureTypeInfoImpl-6213a6cc:134c6c9185c:-4fc3
SMEAG -  Points d'atterissement: priorités et plan d'action,FeatureTypeInfoImpl--3d639cb2:13285edbc12:-7f9c,SMEAG -  Points d'atterissement: priorités et plan d'action,FeatureTypeInfoImpl--3d639cb2:13285edbc12:-7f9c
